1、周长fireLength, 2、面积fireArea, 3、圆形度fireCircularity, 4、尖角个数, 				 5-1、面积变化率, 5-2、质心位移, 6、火灾区域个数,				 7、能量均值, 8、熵均值, 9、惯性矩均值, 10、相关性均值, 11、局部平稳性均值, 				 12、Luminance亮度均值（非零）, 13、Luminance亮度标准差（非零）, 				 14、灰度0-50, 15、灰度50-100, 16、灰度100-150, 17、灰度150-200, 18、灰度200-255
268.35,2091.5,2.73991,12,-0.716214,134.155,12,0.131334,-3.48733,4.21565,0.0278396,0.692403,164.9,83.1566,0.255962,0.501903,0.193805,0.0276935,0.0206363
